2022-10-15 11:30:04+02:00,https://www.ebay.fr/
2022-10-15 11:30:06+02:00,https://signin.ebay.fr/ws/eBayISAPI.dll?SignIn&ru=https%3A%2F%2Fwww.ebay.fr%2F
2022-10-15 11:30:09+02:00,https://www.ebay.fr/signin/ggl/cb?state=dl4xLjEjaV4xI0leMyNyXjEjZl4wI3BeMSN0XlVsNDFYelU2TTBZNU4wWkNNelZFTVRnMlJqVTJRVGswUVRFMk0wSTVNRGsyUXpVM1JqRmZNbDh4STBWZU1qWXc%3D&code=4%2F0ARtbsJq5__6QKxYDn1zSNxABWb0kAG1kXUlRcRaoAl-EbemjKmmnxzK0OOPe5IV2NIsRNA&scope=email+profile+openid+https%3A%2F%2Fwww.googleapis.com%2Fauth%2Fuserinfo.email+https%3A%2F%2Fwww.googleapis.com%2Fauth%2Fuserinfo.profile&authuser=0&prompt=none
2022-10-15 11:30:12+02:00,https://accounts.ebay.fr/acctxs/stepup/hub?params=IlqI3bcSna2yM4rPqUu77-13&ru=https%3A%2F%2Fwww.ebay.fr%2Fsignin%2Fck%3Fru%3Dhttps%253A%252F%252Fwww.ebay.fr%252F%26token%3D777BKgs7TwnpYUIXkyf98-17&returnUrl=https%3A%2F%2Fwww.ebay.fr%2F&i1=-1&showWebAuthnOptIn=1
2022-10-15 11:34:12+02:00,https://www.google.com/search?q=gmail&rlz=1C1ONGR_frFR1023FR1023&oq=gmail&aqs=chrome..69i57j0i131i433i512l6j0i512l2.2663j0j7&sourceid=chrome&ie=UTF-8
2022-10-15 11:34:17+02:00,https://accounts.google.com/AccountChooser/signinchooser?service=mail&continue=https%3A%2F%2Fmail.google.com%2Fmail%2F&flowName=GlifWebSignIn&flowEntry=AccountChooser
2022-10-15 11:34:20+02:00,https://mail.google.com/mail/u/0/
2022-10-15 11:34:45+02:00,https://mail.google.com/mail/u/0/?zx=ao4a36f404wk#inbox/FMfcgzGqQvzscPdprKhgSbVPjQqhsWhW
2022-10-15 11:34:49+02:00,https://signin.ebay.fr/ws/eBayISAPI.dll?SignIn&UsingSSL=1&siteid=71&co_partnerId=2&pageType=3137481&src=reclaimVrfEmail&succMsg=1&eemail=AQAHAAAAMNi3V7a7W1EWJOkFDVHzewLRRRR7gJPE8ms%2BGJcMAaDc9sMPukDhyGBqoXiOd74RjA%3D%3D
2022-10-15 11:35:02+02:00,https://www.ebay.fr/signin/s
2022-10-15 11:35:46+02:00,https://www.ebay.fr/
2022-10-15 11:35:57+02:00,https://www.ebay.fr/sl/sell?sr=wnstart&_trksid=p2481888.m570.l1528
2022-10-15 11:36:25+02:00,https://www.ebay.fr/sl/prelist/suggest?title=TEST+crayon+violet
2022-10-15 11:36:34+02:00,https://www.ebay.fr/
2022-10-15 11:36:43+02:00,https://reg.ebay.fr/reg/Upgrade?ru=https%3A%2F%2Faccountsettings.ebay.fr%2Fuas
2022-10-15 11:37:29+02:00,https://accountsettings.ebay.fr/uas
2022-10-15 11:37:34+02:00,https://www.ebay.fr/sl/sell?sr=wnstart&_trksid=p2553385.m570.l1528
2022-10-15 11:37:42+02:00,https://www.ebay.fr/sl/prelist/suggest?title=TEST
2022-10-15 11:37:57+02:00,https://www.ebay.fr/sl/prelist/identify?title=TEST&isUid=false&sr=sug&radixTrackingId=3ad953e9-3201-4c6d-9214-37d7674eaec2&caty=37558&catyIdPath%5B%5D=99&catyIdPath%5B%5D=14112&catyIdPath%5B%5D=37557&catyIdPath%5B%5D=37558
2022-10-15 11:38:05+02:00,https://www.ebay.fr/sl/list/v2?draft_id=3435023560013&mode=SellLikeItem
2022-10-15 11:39:18+02:00,https://accountsettings.ebay.fr/uas
2022-10-15 11:42:18+02:00,https://onboardweb.ebay.fr/onboard/?reqinput=AQAFAAAAUCsx%2FmtzMPyIcqF4O4w8nHXfpPrD1Q7B%2BcHWHcYxT2sncRZRlhMltHXtLJWjLO7gq4QFLIFI98d%2FuZ8xHDQ%2FIbMelk%2FvKL2tPO8paOj59gSA&ru=https%3A%2F%2Fwww.ebay.fr%2Fsl%2Flist%2Fv2%3Fdraft_id%3D3435023560013%26mode%3DSellLikeItem%26ap%3D1
2022-10-15 11:44:09+02:00,https://www.ebay.fr/
2022-10-15 11:44:15+02:00,https://www.ebay.fr/sch/i.html?_from=R40&_trksid=p2380057.m570.l1313&_nkw=warhammer&_sacat=0
2022-10-15 11:44:22+02:00,https://www.ebay.fr/sch/i.html?_from=R40&_trksid=p2334524.m570.l1313&_nkw=warhammer+tau&_sacat=0&LH_TitleDesc=0&_odkw=warhammer&_osacat=0
2022-10-15 11:44:27+02:00,https://www.ebay.fr/sch/i.html?_from=R40&_nkw=warhammer+tau&_sacat=0&LH_TitleDesc=0&rt=nc&LH_Auction=1
2022-10-15 11:44:34+02:00,https://www.ebay.fr/itm/255771376609?hash=item3b8d297be1%3Ag%3A61MAAOSwW4VjRYNA&amdata=enc%3AAQAHAAAAoBEOdjmPOws%2Bmu3evWYVrKyt1wNcHyFB0aFJCfgLPERZhQga6Vf89Z9I%2BN7jEtJNRyEEru2SeSv%2Fk88t8B4%2FElxk3%2FPmFze0iW24gy6HrcaHDlKZic6DOKpky5OjpY9RRu0rkPWFeBO%2FD6Zsd027Jms2qWO6c2vAQkvirIyRGXDFIA3tc1Dp47PIAAEdIg46OH2c4LIm1kBXLOO8mBBa3aE%3D%7Ctkp%3ABk9SR4zgvrD7YA&LH_Auction=1
2022-10-15 11:57:52+02:00,https://www.google.com/search?q=ebay+warhammer&rlz=1C1ONGR_frFR1023FR1023&oq=ebay+warhammer&aqs=chrome..69i57j0i512j0i22i30l3j69i60l3.1728j0j7&sourceid=chrome&ie=UTF-8
2022-10-15 11:57:54+02:00,https://www.ebay.fr/b/Warhammer/31398/bn_78211099
2022-10-15 11:58:02+02:00,https://www.ebay.fr/sch/i.html?_from=R40&_trksid=p2499334.m570.l1313&_nkw=warhammer+thunderhawk&_sacat=31398
2022-10-15 11:58:05+02:00,https://www.ebay.fr/sch/i.html?_from=R40&_nkw=warhammer+thunderhawk&_sacat=31398&LH_PrefLoc=2&rt=nc&LH_Auction=1
2022-10-15 11:58:16+02:00,https://www.ebay.fr/itm/195400424021?hash=item2d7ec5da55%3Ag%3AOH8AAOSwbk5jOrFc&amdata=enc%3AAQAHAAAAoH0gTF1OMQES0rcwm9OQiNoUEbiDE7Z4ox%2F4o06XPrNnElNOkhT3%2BCdfBBrZZva%2FvlC6b3hM8u5SIfrXO2bmL0dKut8GquF9vhZF7MkWAmXHPqh2XCRzBpIG8D6sFbfC%2BlTeccmuvZrGIEIHQSLk%2FIBD2mvTHFjEzQfewYIDgg0fyQ9Fozw17uOFfjyKxNH6cgvvBQ8D9G0AvANfiL%2BU%2FcI%3D%7Ctkp%3ABk9SR6bLorH7YA&LH_Auction=1
2022-10-15 13:45:01+02:00,https://mail.google.com/mail/u/0/?zx=ao4a36f404wk#inbox/FMfcgzGqQvzscPdprKhgSbVPjQqhsWhW
2022-10-21 16:58:57+02:00,https://www.ebay.fr/itm/255771376609?hash=item3b8d297be1%3Ag%3A61MAAOSwW4VjRYNA&amdata=enc%3AAQAHAAAAoBEOdjmPOws%2Bmu3evWYVrKyt1wNcHyFB0aFJCfgLPERZhQga6Vf89Z9I%2BN7jEtJNRyEEru2SeSv%2Fk88t8B4%2FElxk3%2FPmFze0iW24gy6HrcaHDlKZic6DOKpky5OjpY9RRu0rkPWFeBO%2FD6Zsd027Jms2qWO6c2vAQkvirIyRGXDFIA3tc1Dp47PIAAEdIg46OH2c4LIm1kBXLOO8mBBa3aE%3D%7Ctkp%3ABk9SR4zgvrD7YA&LH_Auction=1
2022-10-21 16:59:22+02:00,https://www.google.com/search?q=bookmarks&rlz=1C1ONGR_frFR1023FR1023&oq=bookmarks&aqs=chrome..69i57j0i512l9.1566j1j7&sourceid=chrome&ie=UTF-8
2022-10-21 17:00:50+02:00,https://www.google.com/search?q=browser+history+python&rlz=1C1ONGR_frFR1023FR1023&oq=browser+history+python&aqs=chrome..69i57j0i19i22i30l3j0i10i15i19i22i30.9798j0j7&sourceid=chrome&ie=UTF-8
2022-10-21 17:00:53+02:00,https://www.google.com/search?q=browser+history+python&rlz=1C1ONGR_frFR1023FR1023&sxsrf=ALiCzsYi-kfWdvZRELjISID9sdRuTX3ihw:1666364450131&source=lnms&tbm=vid&sa=X&ved=2ahUKEwj13_aoy_H6AhUFhc4BHf35B0AQ_AUoAnoECAEQBA&biw=1364&bih=665&dpr=1
2022-10-21 17:00:54+02:00,https://www.google.com/search?q=browser+history+python&rlz=1C1ONGR_frFR1023FR1023&sxsrf=ALiCzsYi-kfWdvZRELjISID9sdRuTX3ihw:1666364450131&source=lnms&tbm=vid&sa=X&ved=2ahUKEwj13_aoy_H6AhUFhc4BHf35B0AQ_AUoAnoECAEQBA&biw=1364&bih=665&dpr=1
2022-10-21 17:01:27+02:00,https://www.reddit.com/r/Python/comments/98vbur/python_module_that_extracts_the_browsers_history/
2022-10-21 17:03:22+02:00,https://www.google.com/search?q=write+tuple+to+csv+python&rlz=1C1ONGR_frFR1023FR1023&oq=write+tuple+to+&aqs=chrome.2.0i512j69i57j0i22i30l8.6174j1j7&sourceid=chrome&ie=UTF-8
2022-10-21 17:05:52+02:00,https://www.google.com/search?q=send+message+with+python+ip+address&rlz=1C1ONGR_frFR1023FR1023&oq=send+message+with+python+ip&aqs=chrome.1.69i57j33i160l4j33i22i29i30l5.15542j1j7&sourceid=chrome&ie=UTF-8
2022-10-21 17:06:47+02:00,https://www.google.com/search?q=send+message+with+python+ip+address&rlz=1C1ONGR_frFR1023FR1023&oq=send+message+with+python+ip&aqs=chrome.1.69i57j33i160l4j33i22i29i30l5.15542j1j7&sourceid=chrome&ie=UTF-8
2022-10-21 17:06:49+02:00,https://www.google.com/search?q=send+message+with+python+ip+address&rlz=1C1ONGR_frFR1023FR1023&sxsrf=ALiCzsZTgTk-v8RCpH02rGirq6hNjkPUiw:1666364751437&source=lnms&tbm=vid&sa=X&ved=2ahUKEwjHi824zPH6AhUD_IUKHWaLCJwQ_AUoAXoECAEQAw&biw=1364&bih=665&dpr=1
2022-10-21 17:06:50+02:00,https://www.google.com/search?q=send+message+with+python+ip+address&rlz=1C1ONGR_frFR1023FR1023&sxsrf=ALiCzsZTgTk-v8RCpH02rGirq6hNjkPUiw:1666364751437&source=lnms&tbm=vid&sa=X&ved=2ahUKEwjHi824zPH6AhUD_IUKHWaLCJwQ_AUoAXoECAEQAw&biw=1364&bih=665&dpr=1
2022-10-21 17:08:06+02:00,https://www.google.com/search?q=send+message+with+python+ip+address&rlz=1C1ONGR_frFR1023FR1023&sxsrf=ALiCzsZTgTk-v8RCpH02rGirq6hNjkPUiw:1666364751437&source=lnms&tbm=vid&sa=X&ved=2ahUKEwjHi824zPH6AhUD_IUKHWaLCJwQ_AUoAXoECAEQAw&biw=1364&bih=665&dpr=1
2022-10-21 17:09:17+02:00,https://www.neuralnine.com/tcp-chat-in-python/
2022-10-21 17:10:43+02:00,https://www.google.com/search?q=send+a+text+message+from+a+computer&rlz=1C1ONGR_frFR1023FR1023&oq=send+message+form+a+compu&aqs=chrome.1.69i57j0i8i13i30l2j0i8i13i15i30.10511j0j4&sourceid=chrome&ie=UTF-8
2022-10-21 17:10:45+02:00,https://www.google.com/search?q=send+a+text+message+from+a+computer&rlz=1C1ONGR_frFR1023FR1023&sxsrf=ALiCzsaLcXEuCqcqHW_c1XSNcv56eslegw:1666365042843&source=lnms&tbm=vid&sa=X&ved=2ahUKEwisisfDzfH6AhWihM4BHQksCuMQ_AUoAXoECAIQAw&biw=1364&bih=665&dpr=1
2022-10-21 17:10:46+02:00,https://www.google.com/search?q=send+a+text+message+from+a+computer&rlz=1C1ONGR_frFR1023FR1023&sxsrf=ALiCzsaLcXEuCqcqHW_c1XSNcv56eslegw:1666365042843&source=lnms&tbm=vid&sa=X&ved=2ahUKEwisisfDzfH6AhWihM4BHQksCuMQ_AUoAXoECAIQAw&biw=1364&bih=665&dpr=1
2022-10-21 17:10:56+02:00,https://www.google.com/search?q=send+a+text+message+from+a+computer+to+computer+ip&rlz=1C1ONGR_frFR1023FR1023&biw=1364&bih=665&tbm=vid&sxsrf=ALiCzsZh_Qsc5q0CDeMvA-or70R6mlWBfA%3A1666365045731&ei=dbZSY4OeLNqKur4PtMyM-A0&ved=0ahUKEwjDrPfEzfH6AhVahc4BHTQmA98Q4dUDCA0&uact=5&oq=send+a+text+message+from+a+computer+to+computer+ip&gs_lcp=Cg1nd3Mtd2l6LXZpZGVvEAMyBQghEKABMgUIIRCgATIICCEQFhAeEB0yCAghEBYQHhAdOgQIIxAnOggIABAWEB4QEzoGCAAQFhAeOgcIIRCgARAKOgQIIRAVUKgJWP00YMA4aABwAHgAgAHIAYgBzg6SAQY0LjExLjGYAQCgAQHAAQE&sclient=gws-wiz-video
2022-10-21 17:10:57+02:00,https://www.google.com/search?q=send+a+text+message+from+a+computer+to+computer+ip&rlz=1C1ONGR_frFR1023FR1023&biw=1364&bih=665&tbm=vid&sxsrf=ALiCzsZh_Qsc5q0CDeMvA-or70R6mlWBfA%3A1666365045731&ei=dbZSY4OeLNqKur4PtMyM-A0&ved=0ahUKEwjDrPfEzfH6AhVahc4BHTQmA98Q4dUDCA0&uact=5&oq=send+a+text+message+from+a+computer+to+computer+ip&gs_lcp=Cg1nd3Mtd2l6LXZpZGVvEAMyBQghEKABMgUIIRCgATIICCEQFhAeEB0yCAghEBYQHhAdOgQIIxAnOggIABAWEB4QEzoGCAAQFhAeOgcIIRCgARAKOgQIIRAVUKgJWP00YMA4aABwAHgAgAHIAYgBzg6SAQY0LjExLjGYAQCgAQHAAQE&sclient=gws-wiz-video
2022-10-21 17:12:29+02:00,https://www.google.com/search?q=get+desktop+name+cmd&rlz=1C1ONGR_frFR1023FR1023&oq=get+desktop+name+cmd&aqs=chrome..69i57j0i19i22i30l5j0i10i19i22i30j0i19i22i30l3.4710j0j7&sourceid=chrome&ie=UTF-8
2022-10-21 17:20:21+02:00,https://www.google.com/search?q=send+a+text+message+from+a+computer+to+computer+ip&rlz=1C1ONGR_frFR1023FR1023&biw=1364&bih=665&tbm=vid&sxsrf=ALiCzsZh_Qsc5q0CDeMvA-or70R6mlWBfA%3A1666365045731&ei=dbZSY4OeLNqKur4PtMyM-A0&ved=0ahUKEwjDrPfEzfH6AhVahc4BHTQmA98Q4dUDCA0&uact=5&oq=send+a+text+message+from+a+computer+to+computer+ip&gs_lcp=Cg1nd3Mtd2l6LXZpZGVvEAMyBQghEKABMgUIIRCgATIICCEQFhAeEB0yCAghEBYQHhAdOgQIIxAnOggIABAWEB4QEzoGCAAQFhAeOgcIIRCgARAKOgQIIRAVUKgJWP00YMA4aABwAHgAgAHIAYgBzg6SAQY0LjExLjGYAQCgAQHAAQE&sclient=gws-wiz-video
2022-10-21 17:20:27+02:00,https://www.google.com/search?q=send+file+on+lan&rlz=1C1ONGR_frFR1023FR1023&biw=1364&bih=665&tbm=vid&sxsrf=ALiCzsY42e2OYNAr69-vORuZ7HVrs0y-kg%3A1666365056788&ei=gLZSY_LOL4_2lwTD55eoDQ&ved=0ahUKEwjyjprKzfH6AhUP-4UKHcPzBdUQ4dUDCA0&uact=5&oq=send+file+on+lan&gs_lcp=Cg1nd3Mtd2l6LXZpZGVvEAMyBggAEBYQHjoECCMQJzoLCAAQgAQQsQMQgwE6CAgAELEDEIMBOgUIABCABDoECAAQQzoICAAQgAQQsQM6DQgAEIAEELEDEIMBEAo6CAgAEIAEEMsBUABYmxlgzhpoAHAAeACAAWGIAfQJkgECMTaYAQCgAQHAAQE&sclient=gws-wiz-video
2022-10-21 17:20:27+02:00,https://www.google.com/search?q=send+file+on+lan&rlz=1C1ONGR_frFR1023FR1023&biw=1364&bih=665&tbm=vid&sxsrf=ALiCzsY42e2OYNAr69-vORuZ7HVrs0y-kg%3A1666365056788&ei=gLZSY_LOL4_2lwTD55eoDQ&ved=0ahUKEwjyjprKzfH6AhUP-4UKHcPzBdUQ4dUDCA0&uact=5&oq=send+file+on+lan&gs_lcp=Cg1nd3Mtd2l6LXZpZGVvEAMyBggAEBYQHjoECCMQJzoLCAAQgAQQsQMQgwE6CAgAELEDEIMBOgUIABCABDoECAAQQzoICAAQgAQQsQM6DQgAEIAEELEDEIMBEAo6CAgAEIAEEMsBUABYmxlgzhpoAHAAeACAAWGIAfQJkgECMTaYAQCgAQHAAQE&sclient=gws-wiz-video
2022-10-21 17:20:34+02:00,https://www.youtube.com/watch?v=GMN58isQdS4&ab_channel=ProgrammingKnowledge2
2022-10-21 17:40:08+02:00,https://www.ebay.fr/itm/185625864047?ViewItem=&item=185625864047
2022-10-21 19:21:59+02:00,https://www.google.com/search?q=selenium+python+to+exe&rlz=1C1ONGR_frFR1023FR1023&oq=slelenium+python+to+exe&aqs=chrome.1.69i57j0i22i30j0i10i22i30j0i22i30l7.8956j1j7&sourceid=chrome&ie=UTF-8
2022-10-21 19:39:28+02:00,https://www.ebay.fr/sch/luentz_15/m.html?item=185625864047&rt=nc&_trksid=p2047675.m3561.l2562
2022-10-21 19:39:44+02:00,https://www.ebay.fr/sch/m.html?item=185625864047&_ssn=luentz_15&_osacat=0&_odkw=&_from=R40&_trksid=p2046732.m570.l1313&_nkw=mystere&_sacat=0
2022-10-21 19:39:48+02:00,https://www.ebay.fr/sch/i.html?item=185625864047&_from=R40&_sacat=0&_nkw=mystere
2022-10-21 19:40:02+02:00,https://www.ebay.fr/sch/i.html?item=185625864047&_from=R40&_sacat=0&_nkw=mystere&rt=nc&LH_Sold=1&LH_Complete=1
2022-10-21 19:40:40+02:00,https://www.ebay.fr/splashui/captcha?ap=1&appName=orch&ru=https%3A%2F%2Fsignin.ebay.fr%2Fws%2FeBayISAPI.dll%3FSignIn%26ru%3Dhttps%253A%252F%252Fwww.ebay.fr%252Fsch%252Fi.html%253Fitem%253D185625864047%2526_from%253DR40%2526_sacat%253D0%2526_nkw%253Dmystere%2526rt%253Dnc%2526LH_Sold%253D1%2526LH_Complete%253D1&iid=8277c0a5-0787-45a2-9b1e-2ac83ea743f4&iim=hODIuMu&iia=KXTQyLjRo&iiz=WuUIuMTQzNkh
2022-10-21 19:40:55+02:00,https://signin.ebay.fr/ws/eBayISAPI.dll?SignIn&ru=https%3A%2F%2Fwww.ebay.fr%2Fsch%2Fi.html%3Fitem%3D185625864047%26_from%3DR40%26_sacat%3D0%26_nkw%3Dmystere%26rt%3Dnc%26LH_Sold%3D1%26LH_Complete%3D1
2022-10-21 19:41:03+02:00,https://www.ebay.fr/sch/i.html?item=185625864047&_from=R40&_sacat=0&_nkw=mystere&rt=nc&LH_Sold=1&LH_Complete=1
2022-10-21 19:41:09+02:00,https://www.ebay.fr/sl/sell?sr=wnstart&_trksid=p2351460.m570.l1528
2022-10-21 19:41:17+02:00,https://www.ebay.fr/sl/list/v2?draft_id=3435023560013&mode=SellLikeItem
2022-10-21 19:41:31+02:00,https://onboardweb.ebay.fr/onboard/?reqinput=AQAFAAAAUCsx%2FmtzMPyIcqF4O4w8nHXfpPrD1Q7B%2BcHWHcYxT2sncRZRlhMltHXtLJWjLO7gq4QFLIFI98d%2FuZ8xHDQ%2FIbMelk%2FvKL2tPO8paOj59gSA&ru=https%3A%2F%2Fwww.ebay.fr%2Fsl%2Flist%2Fv2%3Fdraft_id%3D3435023560013%26mode%3DSellLikeItem%26ap%3D1
